Country,Total,'C1: Security Apparatus','C2: Factionalized Elites','C3: Group Grievance','E1: Economy','E2: Economic Inequality','E3: Human Flight and Brain Drain','P1: State Legitimacy','P2: Public Services','P3: Human Rights','S1: Demographic Pressures','S2: Refugees and IDPs','X1: External Intervention'
'South Sudan',Alert,'\'(7.75-inf)\'','\'(7.75-inf)\'','\'(7.825-inf)\'','\'(7.8-inf)\'','\'(7.75-inf)\'','\'(5.55-7.675]\'','\'(7.7-inf)\'','\'(7.75-inf)\'','\'(7.6-inf)\'','\'(7.775-inf)\'','\'(7.925-inf)\'','\'(7.75-inf)\''
Somalia,Alert,'\'(7.75-inf)\'','\'(7.75-inf)\'','\'(7.825-inf)\'','\'(7.8-inf)\'','\'(7.75-inf)\'','\'(7.675-inf)\'','\'(7.7-inf)\'','\'(7.75-inf)\'','\'(7.6-inf)\'','\'(7.775-inf)\'','\'(7.925-inf)\'','\'(7.75-inf)\''
'Central African Republic',Alert,'\'(7.75-inf)\'','\'(7.75-inf)\'','\'(7.825-inf)\'','\'(7.8-inf)\'','\'(7.75-inf)\'','\'(5.55-7.675]\'','\'(7.7-inf)\'','\'(7.75-inf)\'','\'(7.6-inf)\'','\'(7.775-inf)\'','\'(7.925-inf)\'','\'(7.75-inf)\''
Yemen,Alert,'\'(7.75-inf)\'','\'(7.75-inf)\'','\'(7.825-inf)\'','\'(7.8-inf)\'','\'(7.75-inf)\'','\'(5.55-7.675]\'','\'(7.7-inf)\'','\'(7.75-inf)\'','\'(7.6-inf)\'','\'(7.775-inf)\'','\'(7.925-inf)\'','\'(7.75-inf)\''
Sudan,Alert,'\'(7.75-inf)\'','\'(7.75-inf)\'','\'(7.825-inf)\'','\'(7.8-inf)\'','\'(5.5-7.75]\'','\'(7.675-inf)\'','\'(7.7-inf)\'','\'(7.75-inf)\'','\'(7.6-inf)\'','\'(7.775-inf)\'','\'(7.925-inf)\'','\'(7.75-inf)\''
Syria,Alert,'\'(7.75-inf)\'','\'(7.75-inf)\'','\'(7.825-inf)\'','\'(7.8-inf)\'','\'(5.5-7.75]\'','\'(7.675-inf)\'','\'(7.7-inf)\'','\'(7.75-inf)\'','\'(7.6-inf)\'','\'(7.775-inf)\'','\'(7.925-inf)\'','\'(7.75-inf)\''
'Congo Democratic Republic',Alert,'\'(7.75-inf)\'','\'(7.75-inf)\'','\'(7.825-inf)\'','\'(7.8-inf)\'','\'(7.75-inf)\'','\'(5.55-7.675]\'','\'(7.7-inf)\'','\'(7.75-inf)\'','\'(7.6-inf)\'','\'(7.775-inf)\'','\'(7.925-inf)\'','\'(7.75-inf)\''
Chad,Alert,'\'(7.75-inf)\'','\'(7.75-inf)\'','\'(7.825-inf)\'','\'(7.8-inf)\'','\'(7.75-inf)\'','\'(7.675-inf)\'','\'(7.7-inf)\'','\'(7.75-inf)\'','\'(7.6-inf)\'','\'(7.775-inf)\'','\'(7.925-inf)\'','\'(7.75-inf)\''
Afghanistan,Alert,'\'(7.75-inf)\'','\'(7.75-inf)\'','\'(7.825-inf)\'','\'(7.8-inf)\'','\'(5.5-7.75]\'','\'(7.675-inf)\'','\'(7.7-inf)\'','\'(7.75-inf)\'','\'(7.6-inf)\'','\'(7.775-inf)\'','\'(7.925-inf)\'','\'(7.75-inf)\''
Iraq,Alert,'\'(7.75-inf)\'','\'(7.75-inf)\'','\'(7.825-inf)\'','\'(5.6-7.8]\'','\'(5.5-7.75]\'','\'(7.675-inf)\'','\'(7.7-inf)\'','\'(7.75-inf)\'','\'(7.6-inf)\'','\'(7.775-inf)\'','\'(7.925-inf)\'','\'(7.75-inf)\''
Haiti,Alert,'\'(5.5-7.75]\'','\'(7.75-inf)\'','\'(5.65-7.825]\'','\'(7.8-inf)\'','\'(7.75-inf)\'','\'(7.675-inf)\'','\'(7.7-inf)\'','\'(7.75-inf)\'','\'(5.4-7.6]\'','\'(7.775-inf)\'','\'(5.85-7.925]\'','\'(7.75-inf)\''
Guinea,Alert,'\'(7.75-inf)\'','\'(7.75-inf)\'','\'(7.825-inf)\'','\'(7.8-inf)\'','\'(5.5-7.75]\'','\'(5.55-7.675]\'','\'(7.7-inf)\'','\'(7.75-inf)\'','\'(7.6-inf)\'','\'(7.775-inf)\'','\'(7.925-inf)\'','\'(5.5-7.75]\''
Nigeria,Alert,'\'(7.75-inf)\'','\'(7.75-inf)\'','\'(7.825-inf)\'','\'(7.8-inf)\'','\'(7.75-inf)\'','\'(5.55-7.675]\'','\'(7.7-inf)\'','\'(7.75-inf)\'','\'(7.6-inf)\'','\'(7.775-inf)\'','\'(5.85-7.925]\'','\'(5.5-7.75]\''
Zimbabwe,Alert,'\'(7.75-inf)\'','\'(7.75-inf)\'','\'(5.65-7.825]\'','\'(7.8-inf)\'','\'(7.75-inf)\'','\'(7.675-inf)\'','\'(7.7-inf)\'','\'(7.75-inf)\'','\'(7.6-inf)\'','\'(7.775-inf)\'','\'(7.925-inf)\'','\'(5.5-7.75]\''
Ethiopia,Alert,'\'(7.75-inf)\'','\'(7.75-inf)\'','\'(7.825-inf)\'','\'(5.6-7.8]\'','\'(5.5-7.75]\'','\'(5.55-7.675]\'','\'(7.7-inf)\'','\'(7.75-inf)\'','\'(7.6-inf)\'','\'(7.775-inf)\'','\'(7.925-inf)\'','\'(7.75-inf)\''
'Guinea Bissau',Alert,'\'(7.75-inf)\'','\'(7.75-inf)\'','\'(3.475-5.65]\'','\'(7.8-inf)\'','\'(7.75-inf)\'','\'(7.675-inf)\'','\'(7.7-inf)\'','\'(7.75-inf)\'','\'(5.4-7.6]\'','\'(7.775-inf)\'','\'(5.85-7.925]\'','\'(7.75-inf)\''
Burundi,Alert,'\'(7.75-inf)\'','\'(7.75-inf)\'','\'(7.825-inf)\'','\'(7.8-inf)\'','\'(5.5-7.75]\'','\'(5.55-7.675]\'','\'(7.7-inf)\'','\'(7.75-inf)\'','\'(7.6-inf)\'','\'(7.775-inf)\'','\'(7.925-inf)\'','\'(7.75-inf)\''
Pakistan,Alert,'\'(7.75-inf)\'','\'(7.75-inf)\'','\'(7.825-inf)\'','\'(5.6-7.8]\'','\'(5.5-7.75]\'','\'(5.55-7.675]\'','\'(7.7-inf)\'','\'(5.5-7.75]\'','\'(7.6-inf)\'','\'(7.775-inf)\'','\'(7.925-inf)\'','\'(7.75-inf)\''
Eritrea,Alert,'\'(5.5-7.75]\'','\'(7.75-inf)\'','\'(5.65-7.825]\'','\'(7.8-inf)\'','\'(7.75-inf)\'','\'(7.675-inf)\'','\'(7.7-inf)\'','\'(7.75-inf)\'','\'(7.6-inf)\'','\'(7.775-inf)\'','\'(7.925-inf)\'','\'(5.5-7.75]\''
Niger,Alert,'\'(7.75-inf)\'','\'(7.75-inf)\'','\'(7.825-inf)\'','\'(5.6-7.8]\'','\'(7.75-inf)\'','\'(5.55-7.675]\'','\'(5.4-7.7]\'','\'(7.75-inf)\'','\'(5.4-7.6]\'','\'(7.775-inf)\'','\'(5.85-7.925]\'','\'(7.75-inf)\''
'Cote dIvoire',Alert,'\'(5.5-7.75]\'','\'(7.75-inf)\'','\'(7.825-inf)\'','\'(5.6-7.8]\'','\'(7.75-inf)\'','\'(5.55-7.675]\'','\'(7.7-inf)\'','\'(7.75-inf)\'','\'(7.6-inf)\'','\'(7.775-inf)\'','\'(5.85-7.925]\'','\'(7.75-inf)\''
Kenya,Alert,'\'(7.75-inf)\'','\'(7.75-inf)\'','\'(7.825-inf)\'','\'(5.6-7.8]\'','\'(7.75-inf)\'','\'(5.55-7.675]\'','\'(5.4-7.7]\'','\'(7.75-inf)\'','\'(5.4-7.6]\'','\'(7.775-inf)\'','\'(7.925-inf)\'','\'(7.75-inf)\''
Libya,Alert,'\'(7.75-inf)\'','\'(7.75-inf)\'','\'(7.825-inf)\'','\'(7.8-inf)\'','\'(5.5-7.75]\'','\'(5.55-7.675]\'','\'(7.7-inf)\'','\'(5.5-7.75]\'','\'(7.6-inf)\'','\'(3.325-5.55]\'','\'(7.925-inf)\'','\'(7.75-inf)\''
Uganda,Alert,'\'(5.5-7.75]\'','\'(7.75-inf)\'','\'(7.825-inf)\'','\'(3.4-5.6]\'','\'(5.5-7.75]\'','\'(5.55-7.675]\'','\'(7.7-inf)\'','\'(7.75-inf)\'','\'(7.6-inf)\'','\'(7.775-inf)\'','\'(7.925-inf)\'','\'(7.75-inf)\''
Myanmar,Alert,'\'(7.75-inf)\'','\'(7.75-inf)\'','\'(7.825-inf)\'','\'(5.6-7.8]\'','\'(5.5-7.75]\'','\'(5.55-7.675]\'','\'(7.7-inf)\'','\'(7.75-inf)\'','\'(7.6-inf)\'','\'(5.55-7.775]\'','\'(7.925-inf)\'','\'(5.5-7.75]\''
Cameroon,Alert,'\'(7.75-inf)\'','\'(7.75-inf)\'','\'(7.825-inf)\'','\'(5.6-7.8]\'','\'(5.5-7.75]\'','\'(5.55-7.675]\'','\'(7.7-inf)\'','\'(7.75-inf)\'','\'(5.4-7.6]\'','\'(7.775-inf)\'','\'(7.925-inf)\'','\'(7.75-inf)\''
Liberia,Alert,'\'(5.5-7.75]\'','\'(7.75-inf)\'','\'(5.65-7.825]\'','\'(7.8-inf)\'','\'(7.75-inf)\'','\'(5.55-7.675]\'','\'(5.4-7.7]\'','\'(7.75-inf)\'','\'(5.4-7.6]\'','\'(7.775-inf)\'','\'(7.925-inf)\'','\'(7.75-inf)\''
Mauritania,Alert,'\'(5.5-7.75]\'','\'(7.75-inf)\'','\'(5.65-7.825]\'','\'(5.6-7.8]\'','\'(5.5-7.75]\'','\'(5.55-7.675]\'','\'(7.7-inf)\'','\'(7.75-inf)\'','\'(7.6-inf)\'','\'(7.775-inf)\'','\'(7.925-inf)\'','\'(7.75-inf)\''
'Congo Republic',Alert,'\'(5.5-7.75]\'','\'(5.5-7.75]\'','\'(5.65-7.825]\'','\'(5.6-7.8]\'','\'(7.75-inf)\'','\'(5.55-7.675]\'','\'(7.7-inf)\'','\'(7.75-inf)\'','\'(7.6-inf)\'','\'(7.775-inf)\'','\'(5.85-7.925]\'','\'(5.5-7.75]\''
'North Korea',Alert,'\'(7.75-inf)\'','\'(7.75-inf)\'','\'(5.65-7.825]\'','\'(7.8-inf)\'','\'(5.5-7.75]\'','\'(3.425-5.55]\'','\'(7.7-inf)\'','\'(7.75-inf)\'','\'(7.6-inf)\'','\'(5.55-7.775]\'','\'(3.775-5.85]\'','\'(7.75-inf)\''
Mali,Alert,'\'(7.75-inf)\'','\'(3.25-5.5]\'','\'(5.65-7.825]\'','\'(5.6-7.8]\'','\'(5.5-7.75]\'','\'(7.675-inf)\'','\'(5.4-7.7]\'','\'(7.75-inf)\'','\'(5.4-7.6]\'','\'(7.775-inf)\'','\'(5.85-7.925]\'','\'(7.75-inf)\''
Angola,Alert,'\'(5.5-7.75]\'','\'(5.5-7.75]\'','\'(5.65-7.825]\'','\'(5.6-7.8]\'','\'(7.75-inf)\'','\'(5.55-7.675]\'','\'(7.7-inf)\'','\'(7.75-inf)\'','\'(5.4-7.6]\'','\'(7.775-inf)\'','\'(5.85-7.925]\'','\'(3.25-5.5]\''
Nepal,Alert,'\'(5.5-7.75]\'','\'(7.75-inf)\'','\'(7.825-inf)\'','\'(5.6-7.8]\'','\'(5.5-7.75]\'','\'(5.55-7.675]\'','\'(5.4-7.7]\'','\'(5.5-7.75]\'','\'(7.6-inf)\'','\'(7.775-inf)\'','\'(5.85-7.925]\'','\'(5.5-7.75]\''
Rwanda,Alert,'\'(5.5-7.75]\'','\'(7.75-inf)\'','\'(7.825-inf)\'','\'(5.6-7.8]\'','\'(7.75-inf)\'','\'(5.55-7.675]\'','\'(5.4-7.7]\'','\'(5.5-7.75]\'','\'(5.4-7.6]\'','\'(7.775-inf)\'','\'(7.925-inf)\'','\'(5.5-7.75]\''
Timor-Leste,Alert,'\'(5.5-7.75]\'','\'(7.75-inf)\'','\'(5.65-7.825]\'','\'(7.8-inf)\'','\'(5.5-7.75]\'','\'(5.55-7.675]\'','\'(5.4-7.7]\'','\'(7.75-inf)\'','\'(3.2-5.4]\'','\'(7.775-inf)\'','\'(5.85-7.925]\'','\'(7.75-inf)\''
Egypt,Warning,'\'(7.75-inf)\'','\'(7.75-inf)\'','\'(7.825-inf)\'','\'(7.8-inf)\'','\'(5.5-7.75]\'','\'(3.425-5.55]\'','\'(7.7-inf)\'','\'(3.25-5.5]\'','\'(7.6-inf)\'','\'(5.55-7.775]\'','\'(5.85-7.925]\'','\'(7.75-inf)\''
Gambia,Warning,'\'(5.5-7.75]\'','\'(7.75-inf)\'','\'(3.475-5.65]\'','\'(7.8-inf)\'','\'(5.5-7.75]\'','\'(7.675-inf)\'','\'(7.7-inf)\'','\'(7.75-inf)\'','\'(7.6-inf)\'','\'(7.775-inf)\'','\'(5.85-7.925]\'','\'(5.5-7.75]\''
'Sierra Leone',Warning,'\'(3.25-5.5]\'','\'(7.75-inf)\'','\'(5.65-7.825]\'','\'(7.8-inf)\'','\'(7.75-inf)\'','\'(7.675-inf)\'','\'(5.4-7.7]\'','\'(7.75-inf)\'','\'(3.2-5.4]\'','\'(7.775-inf)\'','\'(5.85-7.925]\'','\'(7.75-inf)\''
Bangladesh,Warning,'\'(5.5-7.75]\'','\'(7.75-inf)\'','\'(7.825-inf)\'','\'(5.6-7.8]\'','\'(5.5-7.75]\'','\'(7.675-inf)\'','\'(7.7-inf)\'','\'(7.75-inf)\'','\'(5.4-7.6]\'','\'(5.55-7.775]\'','\'(5.85-7.925]\'','\'(5.5-7.75]\''
Mozambique,Warning,'\'(5.5-7.75]\'','\'(5.5-7.75]\'','\'(3.475-5.65]\'','\'(7.8-inf)\'','\'(7.75-inf)\'','\'(7.675-inf)\'','\'(5.4-7.7]\'','\'(7.75-inf)\'','\'(5.4-7.6]\'','\'(7.775-inf)\'','\'(3.775-5.85]\'','\'(7.75-inf)\''
Djibouti,Warning,'\'(5.5-7.75]\'','\'(5.5-7.75]\'','\'(5.65-7.825]\'','\'(5.6-7.8]\'','\'(7.75-inf)\'','\'(3.425-5.55]\'','\'(7.7-inf)\'','\'(7.75-inf)\'','\'(7.6-inf)\'','\'(7.775-inf)\'','\'(5.85-7.925]\'','\'(7.75-inf)\''
Swaziland,Warning,'\'(5.5-7.75]\'','\'(5.5-7.75]\'','\'(-inf-3.475]\'','\'(7.8-inf)\'','\'(7.75-inf)\'','\'(5.55-7.675]\'','\'(7.7-inf)\'','\'(7.75-inf)\'','\'(7.6-inf)\'','\'(7.775-inf)\'','\'(3.775-5.85]\'','\'(5.5-7.75]\''
Lebanon,Warning,'\'(7.75-inf)\'','\'(7.75-inf)\'','\'(7.825-inf)\'','\'(5.6-7.8]\'','\'(5.5-7.75]\'','\'(3.425-5.55]\'','\'(5.4-7.7]\'','\'(5.5-7.75]\'','\'(5.4-7.6]\'','\'(5.55-7.775]\'','\'(7.925-inf)\'','\'(7.75-inf)\''
'Burkina Faso',Warning,'\'(7.75-inf)\'','\'(7.75-inf)\'','\'(3.475-5.65]\'','\'(5.6-7.8]\'','\'(7.75-inf)\'','\'(5.55-7.675]\'','\'(5.4-7.7]\'','\'(7.75-inf)\'','\'(5.4-7.6]\'','\'(7.775-inf)\'','\'(5.85-7.925]\'','\'(5.5-7.75]\''
Malawi,Warning,'\'(3.25-5.5]\'','\'(7.75-inf)\'','\'(3.475-5.65]\'','\'(7.8-inf)\'','\'(7.75-inf)\'','\'(7.675-inf)\'','\'(5.4-7.7]\'','\'(7.75-inf)\'','\'(5.4-7.6]\'','\'(7.775-inf)\'','\'(3.775-5.85]\'','\'(7.75-inf)\''
Zambia,Warning,'\'(3.25-5.5]\'','\'(5.5-7.75]\'','\'(5.65-7.825]\'','\'(7.8-inf)\'','\'(7.75-inf)\'','\'(7.675-inf)\'','\'(7.7-inf)\'','\'(7.75-inf)\'','\'(5.4-7.6]\'','\'(7.775-inf)\'','\'(5.85-7.925]\'','\'(5.5-7.75]\''
'Sri Lanka',Warning,'\'(5.5-7.75]\'','\'(7.75-inf)\'','\'(7.825-inf)\'','\'(3.4-5.6]\'','\'(5.5-7.75]\'','\'(7.675-inf)\'','\'(5.4-7.7]\'','\'(3.25-5.5]\'','\'(7.6-inf)\'','\'(5.55-7.775]\'','\'(7.925-inf)\'','\'(5.5-7.75]\''
'Papua New Guinea',Warning,'\'(5.5-7.75]\'','\'(5.5-7.75]\'','\'(5.65-7.825]\'','\'(5.6-7.8]\'','\'(7.75-inf)\'','\'(5.55-7.675]\'','\'(5.4-7.7]\'','\'(7.75-inf)\'','\'(5.4-7.6]\'','\'(7.775-inf)\'','\'(3.775-5.85]\'','\'(5.5-7.75]\''
Iran,Warning,'\'(5.5-7.75]\'','\'(7.75-inf)\'','\'(7.825-inf)\'','\'(5.6-7.8]\'','\'(5.5-7.75]\'','\'(5.55-7.675]\'','\'(7.7-inf)\'','\'(3.25-5.5]\'','\'(7.6-inf)\'','\'(3.325-5.55]\'','\'(5.85-7.925]\'','\'(5.5-7.75]\''
Cambodia,Warning,'\'(5.5-7.75]\'','\'(7.75-inf)\'','\'(5.65-7.825]\'','\'(5.6-7.8]\'','\'(5.5-7.75]\'','\'(5.55-7.675]\'','\'(7.7-inf)\'','\'(7.75-inf)\'','\'(7.6-inf)\'','\'(5.55-7.775]\'','\'(3.775-5.85]\'','\'(5.5-7.75]\''
'Equatorial Guinea',Warning,'\'(5.5-7.75]\'','\'(7.75-inf)\'','\'(5.65-7.825]\'','\'(5.6-7.8]\'','\'(7.75-inf)\'','\'(3.425-5.55]\'','\'(7.7-inf)\'','\'(7.75-inf)\'','\'(7.6-inf)\'','\'(5.55-7.775]\'','\'(3.775-5.85]\'','\'(3.25-5.5]\''
Comoros,Warning,'\'(5.5-7.75]\'','\'(7.75-inf)\'','\'(3.475-5.65]\'','\'(7.8-inf)\'','\'(5.5-7.75]\'','\'(5.55-7.675]\'','\'(5.4-7.7]\'','\'(7.75-inf)\'','\'(5.4-7.6]\'','\'(5.55-7.775]\'','\'(3.775-5.85]\'','\'(7.75-inf)\''
'Solomon Islands',Warning,'\'(5.5-7.75]\'','\'(7.75-inf)\'','\'(5.65-7.825]\'','\'(5.6-7.8]\'','\'(7.75-inf)\'','\'(5.55-7.675]\'','\'(5.4-7.7]\'','\'(5.5-7.75]\'','\'(3.2-5.4]\'','\'(7.775-inf)\'','\'(3.775-5.85]\'','\'(7.75-inf)\''
Philippines,Warning,'\'(7.75-inf)\'','\'(7.75-inf)\'','\'(7.825-inf)\'','\'(3.4-5.6]\'','\'(5.5-7.75]\'','\'(5.55-7.675]\'','\'(5.4-7.7]\'','\'(5.5-7.75]\'','\'(5.4-7.6]\'','\'(5.55-7.775]\'','\'(5.85-7.925]\'','\'(5.5-7.75]\''
Madagascar,Warning,'\'(5.5-7.75]\'','\'(7.75-inf)\'','\'(3.475-5.65]\'','\'(5.6-7.8]\'','\'(7.75-inf)\'','\'(5.55-7.675]\'','\'(5.4-7.7]\'','\'(7.75-inf)\'','\'(5.4-7.6]\'','\'(7.775-inf)\'','\'(3.775-5.85]\'','\'(5.5-7.75]\''
Togo,Warning,'\'(5.5-7.75]\'','\'(5.5-7.75]\'','\'(3.475-5.65]\'','\'(5.6-7.8]\'','\'(7.75-inf)\'','\'(5.55-7.675]\'','\'(7.7-inf)\'','\'(7.75-inf)\'','\'(5.4-7.6]\'','\'(7.775-inf)\'','\'(5.85-7.925]\'','\'(5.5-7.75]\''
Guatemala,Warning,'\'(5.5-7.75]\'','\'(5.5-7.75]\'','\'(7.825-inf)\'','\'(3.4-5.6]\'','\'(7.75-inf)\'','\'(5.55-7.675]\'','\'(5.4-7.7]\'','\'(5.5-7.75]\'','\'(5.4-7.6]\'','\'(5.55-7.775]\'','\'(3.775-5.85]\'','\'(3.25-5.5]\''
Venezuela,Warning,'\'(5.5-7.75]\'','\'(7.75-inf)\'','\'(5.65-7.825]\'','\'(5.6-7.8]\'','\'(5.5-7.75]\'','\'(3.425-5.55]\'','\'(7.7-inf)\'','\'(5.5-7.75]\'','\'(7.6-inf)\'','\'(5.55-7.775]\'','\'(3.775-5.85]\'','\'(3.25-5.5]\''
Laos,Warning,'\'(3.25-5.5]\'','\'(7.75-inf)\'','\'(5.65-7.825]\'','\'(3.4-5.6]\'','\'(5.5-7.75]\'','\'(7.675-inf)\'','\'(7.7-inf)\'','\'(5.5-7.75]\'','\'(7.6-inf)\'','\'(5.55-7.775]\'','\'(3.775-5.85]\'','\'(5.5-7.75]\''
Senegal,Warning,'\'(5.5-7.75]\'','\'(5.5-7.75]\'','\'(5.65-7.825]\'','\'(5.6-7.8]\'','\'(5.5-7.75]\'','\'(7.675-inf)\'','\'(3.1-5.4]\'','\'(5.5-7.75]\'','\'(5.4-7.6]\'','\'(7.775-inf)\'','\'(5.85-7.925]\'','\'(5.5-7.75]\''
Tajikistan,Warning,'\'(5.5-7.75]\'','\'(7.75-inf)\'','\'(5.65-7.825]\'','\'(5.6-7.8]\'','\'(3.25-5.5]\'','\'(5.55-7.675]\'','\'(7.7-inf)\'','\'(5.5-7.75]\'','\'(7.6-inf)\'','\'(7.775-inf)\'','\'(3.775-5.85]\'','\'(5.5-7.75]\''
Lesotho,Warning,'\'(5.5-7.75]\'','\'(5.5-7.75]\'','\'(3.475-5.65]\'','\'(7.8-inf)\'','\'(7.75-inf)\'','\'(7.675-inf)\'','\'(5.4-7.7]\'','\'(7.75-inf)\'','\'(3.2-5.4]\'','\'(7.775-inf)\'','\'(3.775-5.85]\'','\'(7.75-inf)\''
Uzbekistan,Warning,'\'(5.5-7.75]\'','\'(7.75-inf)\'','\'(5.65-7.825]\'','\'(5.6-7.8]\'','\'(5.5-7.75]\'','\'(5.55-7.675]\'','\'(7.7-inf)\'','\'(3.25-5.5]\'','\'(7.6-inf)\'','\'(5.55-7.775]\'','\'(3.775-5.85]\'','\'(3.25-5.5]\''
Turkey,Warning,'\'(7.75-inf)\'','\'(7.75-inf)\'','\'(7.825-inf)\'','\'(3.4-5.6]\'','\'(5.5-7.75]\'','\'(3.425-5.55]\'','\'(5.4-7.7]\'','\'(3.25-5.5]\'','\'(7.6-inf)\'','\'(3.325-5.55]\'','\'(7.925-inf)\'','\'(3.25-5.5]\''
'Kyrgyz Republic',Warning,'\'(5.5-7.75]\'','\'(7.75-inf)\'','\'(7.825-inf)\'','\'(5.6-7.8]\'','\'(5.5-7.75]\'','\'(5.55-7.675]\'','\'(7.7-inf)\'','\'(3.25-5.5]\'','\'(5.4-7.6]\'','\'(3.325-5.55]\'','\'(3.775-5.85]\'','\'(5.5-7.75]\''
Tanzania,Warning,'\'(3.25-5.5]\'','\'(5.5-7.75]\'','\'(3.475-5.65]\'','\'(5.6-7.8]\'','\'(5.5-7.75]\'','\'(5.55-7.675]\'','\'(5.4-7.7]\'','\'(7.75-inf)\'','\'(5.4-7.6]\'','\'(7.775-inf)\'','\'(5.85-7.925]\'','\'(5.5-7.75]\''
Russia,Warning,'\'(7.75-inf)\'','\'(7.75-inf)\'','\'(7.825-inf)\'','\'(3.4-5.6]\'','\'(5.5-7.75]\'','\'(3.425-5.55]\'','\'(7.7-inf)\'','\'(3.25-5.5]\'','\'(7.6-inf)\'','\'(3.325-5.55]\'','\'(3.775-5.85]\'','\'(5.5-7.75]\''
Honduras,Warning,'\'(5.5-7.75]\'','\'(5.5-7.75]\'','\'(5.65-7.825]\'','\'(5.6-7.8]\'','\'(5.5-7.75]\'','\'(5.55-7.675]\'','\'(5.4-7.7]\'','\'(5.5-7.75]\'','\'(5.4-7.6]\'','\'(5.55-7.775]\'','\'(3.775-5.85]\'','\'(5.5-7.75]\''
Colombia,Warning,'\'(5.5-7.75]\'','\'(5.5-7.75]\'','\'(5.65-7.825]\'','\'(3.4-5.6]\'','\'(5.5-7.75]\'','\'(5.55-7.675]\'','\'(5.4-7.7]\'','\'(5.5-7.75]\'','\'(5.4-7.6]\'','\'(5.55-7.775]\'','\'(5.85-7.925]\'','\'(5.5-7.75]\''
'Israel and West Bank',Warning,'\'(5.5-7.75]\'','\'(7.75-inf)\'','\'(7.825-inf)\'','\'(3.4-5.6]\'','\'(5.5-7.75]\'','\'(3.425-5.55]\'','\'(5.4-7.7]\'','\'(3.25-5.5]\'','\'(5.4-7.6]\'','\'(5.55-7.775]\'','\'(5.85-7.925]\'','\'(5.5-7.75]\''
Jordan,Warning,'\'(5.5-7.75]\'','\'(5.5-7.75]\'','\'(7.825-inf)\'','\'(5.6-7.8]\'','\'(3.25-5.5]\'','\'(3.425-5.55]\'','\'(5.4-7.7]\'','\'(3.25-5.5]\'','\'(7.6-inf)\'','\'(5.55-7.775]\'','\'(7.925-inf)\'','\'(5.5-7.75]\''
India,Warning,'\'(5.5-7.75]\'','\'(5.5-7.75]\'','\'(7.825-inf)\'','\'(3.4-5.6]\'','\'(5.5-7.75]\'','\'(5.55-7.675]\'','\'(3.1-5.4]\'','\'(5.5-7.75]\'','\'(5.4-7.6]\'','\'(7.775-inf)\'','\'(3.775-5.85]\'','\'(3.25-5.5]\''
Benin,Warning,'\'(5.5-7.75]\'','\'(5.5-7.75]\'','\'(-inf-3.475]\'','\'(5.6-7.8]\'','\'(5.5-7.75]\'','\'(5.55-7.675]\'','\'(5.4-7.7]\'','\'(7.75-inf)\'','\'(3.2-5.4]\'','\'(7.775-inf)\'','\'(3.775-5.85]\'','\'(5.5-7.75]\''
Nicaragua,Warning,'\'(5.5-7.75]\'','\'(5.5-7.75]\'','\'(5.65-7.825]\'','\'(5.6-7.8]\'','\'(7.75-inf)\'','\'(7.675-inf)\'','\'(7.7-inf)\'','\'(5.5-7.75]\'','\'(3.2-5.4]\'','\'(3.325-5.55]\'','\'(3.775-5.85]\'','\'(5.5-7.75]\''
Ecuador,Warning,'\'(5.5-7.75]\'','\'(7.75-inf)\'','\'(5.65-7.825]\'','\'(5.6-7.8]\'','\'(5.5-7.75]\'','\'(5.55-7.675]\'','\'(5.4-7.7]\'','\'(5.5-7.75]\'','\'(3.2-5.4]\'','\'(5.55-7.775]\'','\'(3.775-5.85]\'','\'(5.5-7.75]\''
Fiji,Warning,'\'(5.5-7.75]\'','\'(7.75-inf)\'','\'(5.65-7.825]\'','\'(5.6-7.8]\'','\'(5.5-7.75]\'','\'(7.675-inf)\'','\'(5.4-7.7]\'','\'(3.25-5.5]\'','\'(5.4-7.6]\'','\'(3.325-5.55]\'','\'(-inf-3.775]\'','\'(5.5-7.75]\''
Algeria,Warning,'\'(5.5-7.75]\'','\'(5.5-7.75]\'','\'(5.65-7.825]\'','\'(5.6-7.8]\'','\'(5.5-7.75]\'','\'(5.55-7.675]\'','\'(5.4-7.7]\'','\'(5.5-7.75]\'','\'(5.4-7.6]\'','\'(3.325-5.55]\'','\'(5.85-7.925]\'','\'(3.25-5.5]\''
Bolivia,Warning,'\'(5.5-7.75]\'','\'(7.75-inf)\'','\'(5.65-7.825]\'','\'(3.4-5.6]\'','\'(7.75-inf)\'','\'(5.55-7.675]\'','\'(5.4-7.7]\'','\'(5.5-7.75]\'','\'(5.4-7.6]\'','\'(5.55-7.775]\'','\'(3.775-5.85]\'','\'(5.5-7.75]\''
Georgia,Warning,'\'(5.5-7.75]\'','\'(7.75-inf)\'','\'(7.825-inf)\'','\'(3.4-5.6]\'','\'(3.25-5.5]\'','\'(3.425-5.55]\'','\'(7.7-inf)\'','\'(3.25-5.5]\'','\'(5.4-7.6]\'','\'(3.325-5.55]\'','\'(5.85-7.925]\'','\'(5.5-7.75]\''
Micronesia,Warning,'\'(3.25-5.5]\'','\'(5.5-7.75]\'','\'(3.475-5.65]\'','\'(7.8-inf)\'','\'(7.75-inf)\'','\'(7.675-inf)\'','\'(5.4-7.7]\'','\'(5.5-7.75]\'','\'(3.2-5.4]\'','\'(5.55-7.775]\'','\'(3.775-5.85]\'','\'(7.75-inf)\''
Azerbaijan,Warning,'\'(5.5-7.75]\'','\'(7.75-inf)\'','\'(5.65-7.825]\'','\'(3.4-5.6]\'','\'(5.5-7.75]\'','\'(3.425-5.55]\'','\'(7.7-inf)\'','\'(3.25-5.5]\'','\'(7.6-inf)\'','\'(3.325-5.55]\'','\'(5.85-7.925]\'','\'(5.5-7.75]\''
Thailand,Warning,'\'(7.75-inf)\'','\'(7.75-inf)\'','\'(7.825-inf)\'','\'(-inf-3.4]\'','\'(3.25-5.5]\'','\'(3.425-5.55]\'','\'(5.4-7.7]\'','\'(3.25-5.5]\'','\'(7.6-inf)\'','\'(5.55-7.775]\'','\'(5.85-7.925]\'','\'(3.25-5.5]\''
Bhutan,Warning,'\'(3.25-5.5]\'','\'(5.5-7.75]\'','\'(7.825-inf)\'','\'(3.4-5.6]\'','\'(5.5-7.75]\'','\'(5.55-7.675]\'','\'(3.1-5.4]\'','\'(5.5-7.75]\'','\'(5.4-7.6]\'','\'(5.55-7.775]\'','\'(5.85-7.925]\'','\'(7.75-inf)\''
Morocco,Warning,'\'(5.5-7.75]\'','\'(5.5-7.75]\'','\'(5.65-7.825]\'','\'(3.4-5.6]\'','\'(5.5-7.75]\'','\'(7.675-inf)\'','\'(5.4-7.7]\'','\'(3.25-5.5]\'','\'(5.4-7.6]\'','\'(3.325-5.55]\'','\'(5.85-7.925]\'','\'(5.5-7.75]\''
China,Warning,'\'(5.5-7.75]\'','\'(5.5-7.75]\'','\'(7.825-inf)\'','\'(3.4-5.6]\'','\'(5.5-7.75]\'','\'(3.425-5.55]\'','\'(7.7-inf)\'','\'(5.5-7.75]\'','\'(7.6-inf)\'','\'(5.55-7.775]\'','\'(3.775-5.85]\'','\'(-inf-3.25]\''
Maldives,Warning,'\'(5.5-7.75]\'','\'(7.75-inf)\'','\'(3.475-5.65]\'','\'(5.6-7.8]\'','\'(3.25-5.5]\'','\'(5.55-7.675]\'','\'(7.7-inf)\'','\'(5.5-7.75]\'','\'(7.6-inf)\'','\'(5.55-7.775]\'','\'(3.775-5.85]\'','\'(5.5-7.75]\''
Turkmenistan,Warning,'\'(5.5-7.75]\'','\'(7.75-inf)\'','\'(5.65-7.825]\'','\'(3.4-5.6]\'','\'(5.5-7.75]\'','\'(3.425-5.55]\'','\'(7.7-inf)\'','\'(5.5-7.75]\'','\'(7.6-inf)\'','\'(3.325-5.55]\'','\'(-inf-3.775]\'','\'(3.25-5.5]\''
Mexico,Warning,'\'(7.75-inf)\'','\'(3.25-5.5]\'','\'(5.65-7.825]\'','\'(3.4-5.6]\'','\'(5.5-7.75]\'','\'(5.55-7.675]\'','\'(5.4-7.7]\'','\'(5.5-7.75]\'','\'(5.4-7.6]\'','\'(5.55-7.775]\'','\'(3.775-5.85]\'','\'(3.25-5.5]\''
Tunisia,Warning,'\'(7.75-inf)\'','\'(7.75-inf)\'','\'(5.65-7.825]\'','\'(5.6-7.8]\'','\'(3.25-5.5]\'','\'(5.55-7.675]\'','\'(5.4-7.7]\'','\'(3.25-5.5]\'','\'(5.4-7.6]\'','\'(3.325-5.55]\'','\'(3.775-5.85]\'','\'(5.5-7.75]\''
Ukraine,Warning,'\'(5.5-7.75]\'','\'(7.75-inf)\'','\'(5.65-7.825]\'','\'(5.6-7.8]\'','\'(3.25-5.5]\'','\'(3.425-5.55]\'','\'(7.7-inf)\'','\'(3.25-5.5]\'','\'(5.4-7.6]\'','\'(3.325-5.55]\'','\'(3.775-5.85]\'','\'(7.75-inf)\''
Gabon,Warning,'\'(3.25-5.5]\'','\'(5.5-7.75]\'','\'(3.475-5.65]\'','\'(3.4-5.6]\'','\'(5.5-7.75]\'','\'(5.55-7.675]\'','\'(7.7-inf)\'','\'(5.5-7.75]\'','\'(5.4-7.6]\'','\'(5.55-7.775]\'','\'(3.775-5.85]\'','\'(5.5-7.75]\''
'El Salvador',Warning,'\'(5.5-7.75]\'','\'(3.25-5.5]\'','\'(5.65-7.825]\'','\'(3.4-5.6]\'','\'(5.5-7.75]\'','\'(7.675-inf)\'','\'(3.1-5.4]\'','\'(5.5-7.75]\'','\'(5.4-7.6]\'','\'(5.55-7.775]\'','\'(3.775-5.85]\'','\'(5.5-7.75]\''
'Bosnia and Herzegovina',Warning,'\'(5.5-7.75]\'','\'(7.75-inf)\'','\'(5.65-7.825]\'','\'(5.6-7.8]\'','\'(3.25-5.5]\'','\'(3.425-5.55]\'','\'(5.4-7.7]\'','\'(3.25-5.5]\'','\'(5.4-7.6]\'','\'(3.325-5.55]\'','\'(5.85-7.925]\'','\'(7.75-inf)\''
Indonesia,Warning,'\'(5.5-7.75]\'','\'(5.5-7.75]\'','\'(5.65-7.825]\'','\'(3.4-5.6]\'','\'(5.5-7.75]\'','\'(5.55-7.675]\'','\'(3.1-5.4]\'','\'(5.5-7.75]\'','\'(5.4-7.6]\'','\'(5.55-7.775]\'','\'(3.775-5.85]\'','\'(3.25-5.5]\''
Belarus,Warning,'\'(5.5-7.75]\'','\'(7.75-inf)\'','\'(5.65-7.825]\'','\'(5.6-7.8]\'','\'(3.25-5.5]\'','\'(-inf-3.425]\'','\'(7.7-inf)\'','\'(3.25-5.5]\'','\'(7.6-inf)\'','\'(3.325-5.55]\'','\'(-inf-3.775]\'','\'(5.5-7.75]\''
'South Africa',Warning,'\'(5.5-7.75]\'','\'(5.5-7.75]\'','\'(5.65-7.825]\'','\'(5.6-7.8]\'','\'(5.5-7.75]\'','\'(3.425-5.55]\'','\'(5.4-7.7]\'','\'(5.5-7.75]\'','\'(3.2-5.4]\'','\'(5.55-7.775]\'','\'(3.775-5.85]\'','\'(-inf-3.25]\''
'Sao Tome and Principe',Warning,'\'(3.25-5.5]\'','\'(5.5-7.75]\'','\'(3.475-5.65]\'','\'(7.8-inf)\'','\'(5.5-7.75]\'','\'(7.675-inf)\'','\'(5.4-7.7]\'','\'(5.5-7.75]\'','\'(3.2-5.4]\'','\'(5.55-7.775]\'','\'(3.775-5.85]\'','\'(7.75-inf)\''
Moldova,Warning,'\'(5.5-7.75]\'','\'(7.75-inf)\'','\'(5.65-7.825]\'','\'(5.6-7.8]\'','\'(3.25-5.5]\'','\'(5.55-7.675]\'','\'(5.4-7.7]\'','\'(3.25-5.5]\'','\'(3.2-5.4]\'','\'(3.325-5.55]\'','\'(3.775-5.85]\'','\'(5.5-7.75]\''
Paraguay,Warning,'\'(5.5-7.75]\'','\'(7.75-inf)\'','\'(5.65-7.825]\'','\'(3.4-5.6]\'','\'(7.75-inf)\'','\'(5.55-7.675]\'','\'(5.4-7.7]\'','\'(5.5-7.75]\'','\'(5.4-7.6]\'','\'(5.55-7.775]\'','\'(-inf-3.775]\'','\'(3.25-5.5]\''
Guyana,Warning,'\'(5.5-7.75]\'','\'(3.25-5.5]\'','\'(5.65-7.825]\'','\'(5.6-7.8]\'','\'(5.5-7.75]\'','\'(7.675-inf)\'','\'(5.4-7.7]\'','\'(5.5-7.75]\'','\'(3.2-5.4]\'','\'(5.55-7.775]\'','\'(3.775-5.85]\'','\'(5.5-7.75]\''
'Saudi Arabia',Warning,'\'(5.5-7.75]\'','\'(7.75-inf)\'','\'(5.65-7.825]\'','\'(3.4-5.6]\'','\'(3.25-5.5]\'','\'(3.425-5.55]\'','\'(7.7-inf)\'','\'(3.25-5.5]\'','\'(7.6-inf)\'','\'(3.325-5.55]\'','\'(3.775-5.85]\'','\'(3.25-5.5]\''
Armenia,Warning,'\'(3.25-5.5]\'','\'(5.5-7.75]\'','\'(5.65-7.825]\'','\'(5.6-7.8]\'','\'(3.25-5.5]\'','\'(5.55-7.675]\'','\'(5.4-7.7]\'','\'(3.25-5.5]\'','\'(5.4-7.6]\'','\'(-inf-3.325]\'','\'(5.85-7.925]\'','\'(5.5-7.75]\''
Namibia,Warning,'\'(3.25-5.5]\'','\'(3.25-5.5]\'','\'(5.65-7.825]\'','\'(5.6-7.8]\'','\'(7.75-inf)\'','\'(5.55-7.675]\'','\'(3.1-5.4]\'','\'(5.5-7.75]\'','\'(3.2-5.4]\'','\'(5.55-7.775]\'','\'(3.775-5.85]\'','\'(5.5-7.75]\''
Peru,Warning,'\'(5.5-7.75]\'','\'(5.5-7.75]\'','\'(5.65-7.825]\'','\'(-inf-3.4]\'','\'(5.5-7.75]\'','\'(5.55-7.675]\'','\'(5.4-7.7]\'','\'(5.5-7.75]\'','\'(3.2-5.4]\'','\'(3.325-5.55]\'','\'(3.775-5.85]\'','\'(3.25-5.5]\''
Vietnam,Warning,'\'(3.25-5.5]\'','\'(5.5-7.75]\'','\'(5.65-7.825]\'','\'(3.4-5.6]\'','\'(3.25-5.5]\'','\'(5.55-7.675]\'','\'(7.7-inf)\'','\'(3.25-5.5]\'','\'(5.4-7.6]\'','\'(5.55-7.775]\'','\'(3.775-5.85]\'','\'(3.25-5.5]\''
'Cape Verde',Warning,'\'(3.25-5.5]\'','\'(3.25-5.5]\'','\'(3.475-5.65]\'','\'(3.4-5.6]\'','\'(5.5-7.75]\'','\'(7.675-inf)\'','\'(3.1-5.4]\'','\'(5.5-7.75]\'','\'(3.2-5.4]\'','\'(5.55-7.775]\'','\'(3.775-5.85]\'','\'(7.75-inf)\''
Serbia,Warning,'\'(3.25-5.5]\'','\'(7.75-inf)\'','\'(5.65-7.825]\'','\'(5.6-7.8]\'','\'(3.25-5.5]\'','\'(3.425-5.55]\'','\'(3.1-5.4]\'','\'(3.25-5.5]\'','\'(3.2-5.4]\'','\'(3.325-5.55]\'','\'(7.925-inf)\'','\'(5.5-7.75]\''
Ghana,Warning,'\'(3.25-5.5]\'','\'(3.25-5.5]\'','\'(3.475-5.65]\'','\'(5.6-7.8]\'','\'(5.5-7.75]\'','\'(7.675-inf)\'','\'(3.1-5.4]\'','\'(7.75-inf)\'','\'(3.2-5.4]\'','\'(5.55-7.775]\'','\'(3.775-5.85]\'','\'(5.5-7.75]\''
'Dominican Republic',Warning,'\'(5.5-7.75]\'','\'(5.5-7.75]\'','\'(5.65-7.825]\'','\'(3.4-5.6]\'','\'(5.5-7.75]\'','\'(5.55-7.675]\'','\'(5.4-7.7]\'','\'(5.5-7.75]\'','\'(5.4-7.6]\'','\'(5.55-7.775]\'','\'(-inf-3.775]\'','\'(3.25-5.5]\''
Brazil,Warning,'\'(5.5-7.75]\'','\'(3.25-5.5]\'','\'(5.65-7.825]\'','\'(3.4-5.6]\'','\'(7.75-inf)\'','\'(3.425-5.55]\'','\'(5.4-7.7]\'','\'(5.5-7.75]\'','\'(5.4-7.6]\'','\'(7.775-inf)\'','\'(-inf-3.775]\'','\'(3.25-5.5]\''
Samoa,Warning,'\'(3.25-5.5]\'','\'(3.25-5.5]\'','\'(3.475-5.65]\'','\'(5.6-7.8]\'','\'(3.25-5.5]\'','\'(7.675-inf)\'','\'(5.4-7.7]\'','\'(3.25-5.5]\'','\'(3.2-5.4]\'','\'(5.55-7.775]\'','\'(-inf-3.775]\'','\'(7.75-inf)\''
Macedonia,Warning,'\'(5.5-7.75]\'','\'(5.5-7.75]\'','\'(5.65-7.825]\'','\'(5.6-7.8]\'','\'(3.25-5.5]\'','\'(3.425-5.55]\'','\'(5.4-7.7]\'','\'(3.25-5.5]\'','\'(3.2-5.4]\'','\'(-inf-3.325]\'','\'(5.85-7.925]\'','\'(5.5-7.75]\''
Kazakhstan,Warning,'\'(3.25-5.5]\'','\'(5.5-7.75]\'','\'(5.65-7.825]\'','\'(5.6-7.8]\'','\'(3.25-5.5]\'','\'(3.425-5.55]\'','\'(7.7-inf)\'','\'(3.25-5.5]\'','\'(5.4-7.6]\'','\'(3.325-5.55]\'','\'(-inf-3.775]\'','\'(3.25-5.5]\''
Suriname,Warning,'\'(3.25-5.5]\'','\'(5.5-7.75]\'','\'(5.65-7.825]\'','\'(5.6-7.8]\'','\'(5.5-7.75]\'','\'(5.55-7.675]\'','\'(3.1-5.4]\'','\'(5.5-7.75]\'','\'(3.2-5.4]\'','\'(3.325-5.55]\'','\'(-inf-3.775]\'','\'(5.5-7.75]\''
Belize,Warning,'\'(5.5-7.75]\'','\'(3.25-5.5]\'','\'(3.475-5.65]\'','\'(5.6-7.8]\'','\'(3.25-5.5]\'','\'(5.55-7.675]\'','\'(3.1-5.4]\'','\'(5.5-7.75]\'','\'(3.2-5.4]\'','\'(3.325-5.55]\'','\'(-inf-3.775]\'','\'(5.5-7.75]\''
Malaysia,Warning,'\'(5.5-7.75]\'','\'(5.5-7.75]\'','\'(5.65-7.825]\'','\'(-inf-3.4]\'','\'(3.25-5.5]\'','\'(3.425-5.55]\'','\'(7.7-inf)\'','\'(3.25-5.5]\'','\'(7.6-inf)\'','\'(3.325-5.55]\'','\'(-inf-3.775]\'','\'(3.25-5.5]\''
Jamaica,Warning,'\'(5.5-7.75]\'','\'(3.25-5.5]\'','\'(-inf-3.475]\'','\'(5.6-7.8]\'','\'(3.25-5.5]\'','\'(7.675-inf)\'','\'(3.1-5.4]\'','\'(5.5-7.75]\'','\'(5.4-7.6]\'','\'(3.325-5.55]\'','\'(-inf-3.775]\'','\'(5.5-7.75]\''
Bahrain,Warning,'\'(5.5-7.75]\'','\'(5.5-7.75]\'','\'(7.825-inf)\'','\'(3.4-5.6]\'','\'(3.25-5.5]\'','\'(3.425-5.55]\'','\'(7.7-inf)\'','\'(-inf-3.25]\'','\'(7.6-inf)\'','\'(3.325-5.55]\'','\'(-inf-3.775]\'','\'(3.25-5.5]\''
Cuba,Warning,'\'(3.25-5.5]\'','\'(5.5-7.75]\'','\'(3.475-5.65]\'','\'(3.4-5.6]\'','\'(3.25-5.5]\'','\'(3.425-5.55]\'','\'(5.4-7.7]\'','\'(3.25-5.5]\'','\'(5.4-7.6]\'','\'(3.325-5.55]\'','\'(3.775-5.85]\'','\'(3.25-5.5]\''
Botswana,Warning,'\'(3.25-5.5]\'','\'(3.25-5.5]\'','\'(3.475-5.65]\'','\'(5.6-7.8]\'','\'(7.75-inf)\'','\'(3.425-5.55]\'','\'(3.1-5.4]\'','\'(5.5-7.75]\'','\'(3.2-5.4]\'','\'(7.775-inf)\'','\'(3.775-5.85]\'','\'(3.25-5.5]\''
Cyprus,Warning,'\'(3.25-5.5]\'','\'(7.75-inf)\'','\'(5.65-7.825]\'','\'(5.6-7.8]\'','\'(5.5-7.75]\'','\'(3.425-5.55]\'','\'(3.1-5.4]\'','\'(-inf-3.25]\'','\'(-inf-3.2]\'','\'(3.325-5.55]\'','\'(3.775-5.85]\'','\'(7.75-inf)\''
'Brunei Darussalam',Warning,'\'(3.25-5.5]\'','\'(5.5-7.75]\'','\'(5.65-7.825]\'','\'(3.4-5.6]\'','\'(7.75-inf)\'','\'(3.425-5.55]\'','\'(7.7-inf)\'','\'(-inf-3.25]\'','\'(7.6-inf)\'','\'(3.325-5.55]\'','\'(-inf-3.775]\'','\'(3.25-5.5]\''
Grenada,Warning,'\'(5.5-7.75]\'','\'(5.5-7.75]\'','\'(3.475-5.65]\'','\'(5.6-7.8]\'','\'(3.25-5.5]\'','\'(7.675-inf)\'','\'(5.4-7.7]\'','\'(3.25-5.5]\'','\'(-inf-3.2]\'','\'(3.325-5.55]\'','\'(-inf-3.775]\'','\'(5.5-7.75]\''
Albania,Warning,'\'(3.25-5.5]\'','\'(5.5-7.75]\'','\'(3.475-5.65]\'','\'(3.4-5.6]\'','\'(3.25-5.5]\'','\'(5.55-7.675]\'','\'(5.4-7.7]\'','\'(3.25-5.5]\'','\'(3.2-5.4]\'','\'(3.325-5.55]\'','\'(-inf-3.775]\'','\'(5.5-7.75]\''
Seychelles,Stable,'\'(5.5-7.75]\'','\'(5.5-7.75]\'','\'(3.475-5.65]\'','\'(3.4-5.6]\'','\'(3.25-5.5]\'','\'(5.55-7.675]\'','\'(5.4-7.7]\'','\'(-inf-3.25]\'','\'(3.2-5.4]\'','\'(3.325-5.55]\'','\'(-inf-3.775]\'','\'(5.5-7.75]\''
Kuwait,Stable,'\'(3.25-5.5]\'','\'(7.75-inf)\'','\'(3.475-5.65]\'','\'(-inf-3.4]\'','\'(3.25-5.5]\'','\'(3.425-5.55]\'','\'(5.4-7.7]\'','\'(-inf-3.25]\'','\'(7.6-inf)\'','\'(3.325-5.55]\'','\'(-inf-3.775]\'','\'(3.25-5.5]\''
Greece,Stable,'\'(3.25-5.5]\'','\'(3.25-5.5]\'','\'(3.475-5.65]\'','\'(5.6-7.8]\'','\'(3.25-5.5]\'','\'(-inf-3.425]\'','\'(5.4-7.7]\'','\'(3.25-5.5]\'','\'(-inf-3.2]\'','\'(3.325-5.55]\'','\'(5.85-7.925]\'','\'(5.5-7.75]\''
Mongolia,Stable,'\'(3.25-5.5]\'','\'(3.25-5.5]\'','\'(3.475-5.65]\'','\'(3.4-5.6]\'','\'(5.5-7.75]\'','\'(-inf-3.425]\'','\'(3.1-5.4]\'','\'(3.25-5.5]\'','\'(3.2-5.4]\'','\'(3.325-5.55]\'','\'(-inf-3.775]\'','\'(5.5-7.75]\''
'Trinidad and Tobago',Stable,'\'(5.5-7.75]\'','\'(5.5-7.75]\'','\'(3.475-5.65]\'','\'(3.4-5.6]\'','\'(3.25-5.5]\'','\'(7.675-inf)\'','\'(3.1-5.4]\'','\'(3.25-5.5]\'','\'(3.2-5.4]\'','\'(3.325-5.55]\'','\'(-inf-3.775]\'','\'(-inf-3.25]\''
Montenegro,Stable,'\'(3.25-5.5]\'','\'(5.5-7.75]\'','\'(7.825-inf)\'','\'(3.4-5.6]\'','\'(-inf-3.25]\'','\'(3.425-5.55]\'','\'(3.1-5.4]\'','\'(-inf-3.25]\'','\'(3.2-5.4]\'','\'(-inf-3.325]\'','\'(3.775-5.85]\'','\'(5.5-7.75]\''
'Antigua and Barbuda',Stable,'\'(5.5-7.75]\'','\'(3.25-5.5]\'','\'(3.475-5.65]\'','\'(3.4-5.6]\'','\'(3.25-5.5]\'','\'(5.55-7.675]\'','\'(5.4-7.7]\'','\'(3.25-5.5]\'','\'(3.2-5.4]\'','\'(3.325-5.55]\'','\'(-inf-3.775]\'','\'(3.25-5.5]\''
Bulgaria,Stable,'\'(3.25-5.5]\'','\'(3.25-5.5]\'','\'(3.475-5.65]\'','\'(5.6-7.8]\'','\'(3.25-5.5]\'','\'(3.425-5.55]\'','\'(3.1-5.4]\'','\'(3.25-5.5]\'','\'(3.2-5.4]\'','\'(3.325-5.55]\'','\'(3.775-5.85]\'','\'(3.25-5.5]\''
Oman,Stable,'\'(3.25-5.5]\'','\'(5.5-7.75]\'','\'(-inf-3.475]\'','\'(3.4-5.6]\'','\'(3.25-5.5]\'','\'(-inf-3.425]\'','\'(5.4-7.7]\'','\'(3.25-5.5]\'','\'(7.6-inf)\'','\'(3.325-5.55]\'','\'(-inf-3.775]\'','\'(-inf-3.25]\''
Bahamas,Stable,'\'(3.25-5.5]\'','\'(3.25-5.5]\'','\'(3.475-5.65]\'','\'(3.4-5.6]\'','\'(3.25-5.5]\'','\'(3.425-5.55]\'','\'(3.1-5.4]\'','\'(3.25-5.5]\'','\'(3.2-5.4]\'','\'(5.55-7.775]\'','\'(-inf-3.775]\'','\'(3.25-5.5]\''
Hungary,Stable,'\'(-inf-3.25]\'','\'(3.25-5.5]\'','\'(3.475-5.65]\'','\'(3.4-5.6]\'','\'(3.25-5.5]\'','\'(-inf-3.425]\'','\'(5.4-7.7]\'','\'(-inf-3.25]\'','\'(3.2-5.4]\'','\'(-inf-3.325]\'','\'(5.85-7.925]\'','\'(3.25-5.5]\''
Romania,Stable,'\'(-inf-3.25]\'','\'(3.25-5.5]\'','\'(5.65-7.825]\'','\'(3.4-5.6]\'','\'(3.25-5.5]\'','\'(3.425-5.55]\'','\'(3.1-5.4]\'','\'(3.25-5.5]\'','\'(3.2-5.4]\'','\'(-inf-3.325]\'','\'(-inf-3.775]\'','\'(3.25-5.5]\''
Panama,Stable,'\'(3.25-5.5]\'','\'(-inf-3.25]\'','\'(3.475-5.65]\'','\'(-inf-3.4]\'','\'(5.5-7.75]\'','\'(3.425-5.55]\'','\'(3.1-5.4]\'','\'(3.25-5.5]\'','\'(3.2-5.4]\'','\'(3.325-5.55]\'','\'(-inf-3.775]\'','\'(-inf-3.25]\''
Croatia,Stable,'\'(3.25-5.5]\'','\'(3.25-5.5]\'','\'(5.65-7.825]\'','\'(3.4-5.6]\'','\'(3.25-5.5]\'','\'(3.425-5.55]\'','\'(-inf-3.1]\'','\'(-inf-3.25]\'','\'(3.2-5.4]\'','\'(-inf-3.325]\'','\'(5.85-7.925]\'','\'(3.25-5.5]\''
Barbados,Stable,'\'(3.25-5.5]\'','\'(3.25-5.5]\'','\'(3.475-5.65]\'','\'(5.6-7.8]\'','\'(3.25-5.5]\'','\'(3.425-5.55]\'','\'(-inf-3.1]\'','\'(-inf-3.25]\'','\'(-inf-3.2]\'','\'(3.325-5.55]\'','\'(-inf-3.775]\'','\'(5.5-7.75]\''
Argentina,Stable,'\'(3.25-5.5]\'','\'(-inf-3.25]\'','\'(3.475-5.65]\'','\'(3.4-5.6]\'','\'(3.25-5.5]\'','\'(-inf-3.425]\'','\'(3.1-5.4]\'','\'(3.25-5.5]\'','\'(3.2-5.4]\'','\'(3.325-5.55]\'','\'(-inf-3.775]\'','\'(3.25-5.5]\''
Latvia,Stable,'\'(-inf-3.25]\'','\'(3.25-5.5]\'','\'(7.825-inf)\'','\'(3.4-5.6]\'','\'(3.25-5.5]\'','\'(3.425-5.55]\'','\'(3.1-5.4]\'','\'(-inf-3.25]\'','\'(-inf-3.2]\'','\'(-inf-3.325]\'','\'(-inf-3.775]\'','\'(3.25-5.5]\''
Italy,Stable,'\'(3.25-5.5]\'','\'(3.25-5.5]\'','\'(3.475-5.65]\'','\'(3.4-5.6]\'','\'(-inf-3.25]\'','\'(-inf-3.425]\'','\'(3.1-5.4]\'','\'(-inf-3.25]\'','\'(-inf-3.2]\'','\'(3.325-5.55]\'','\'(3.775-5.85]\'','\'(-inf-3.25]\''
Estonia,Stable,'\'(3.25-5.5]\'','\'(5.5-7.75]\'','\'(5.65-7.825]\'','\'(3.4-5.6]\'','\'(-inf-3.25]\'','\'(3.425-5.55]\'','\'(-inf-3.1]\'','\'(-inf-3.25]\'','\'(-inf-3.2]\'','\'(-inf-3.325]\'','\'(-inf-3.775]\'','\'(3.25-5.5]\''
'Slovak Republic',Stable,'\'(-inf-3.25]\'','\'(3.25-5.5]\'','\'(5.65-7.825]\'','\'(3.4-5.6]\'','\'(3.25-5.5]\'','\'(3.425-5.55]\'','\'(3.1-5.4]\'','\'(-inf-3.25]\'','\'(-inf-3.2]\'','\'(-inf-3.325]\'','\'(3.775-5.85]\'','\'(3.25-5.5]\''
'Costa Rica',Stable,'\'(3.25-5.5]\'','\'(3.25-5.5]\'','\'(3.475-5.65]\'','\'(3.4-5.6]\'','\'(3.25-5.5]\'','\'(3.425-5.55]\'','\'(-inf-3.1]\'','\'(3.25-5.5]\'','\'(-inf-3.2]\'','\'(-inf-3.325]\'','\'(3.775-5.85]\'','\'(3.25-5.5]\''
Qatar,Stable,'\'(-inf-3.25]\'','\'(3.25-5.5]\'','\'(3.475-5.65]\'','\'(-inf-3.4]\'','\'(3.25-5.5]\'','\'(-inf-3.425]\'','\'(5.4-7.7]\'','\'(-inf-3.25]\'','\'(5.4-7.6]\'','\'(3.325-5.55]\'','\'(-inf-3.775]\'','\'(-inf-3.25]\''
'United Arab Emirates',Stable,'\'(-inf-3.25]\'','\'(3.25-5.5]\'','\'(-inf-3.475]\'','\'(-inf-3.4]\'','\'(3.25-5.5]\'','\'(-inf-3.425]\'','\'(5.4-7.7]\'','\'(-inf-3.25]\'','\'(7.6-inf)\'','\'(3.325-5.55]\'','\'(-inf-3.775]\'','\'(-inf-3.25]\''
Lithuania,Stable,'\'(-inf-3.25]\'','\'(-inf-3.25]\'','\'(3.475-5.65]\'','\'(3.4-5.6]\'','\'(3.25-5.5]\'','\'(3.425-5.55]\'','\'(-inf-3.1]\'','\'(3.25-5.5]\'','\'(-inf-3.2]\'','\'(-inf-3.325]\'','\'(-inf-3.775]\'','\'(3.25-5.5]\''
Mauritius,Stable,'\'(-inf-3.25]\'','\'(-inf-3.25]\'','\'(3.475-5.65]\'','\'(3.4-5.6]\'','\'(3.25-5.5]\'','\'(3.425-5.55]\'','\'(-inf-3.1]\'','\'(3.25-5.5]\'','\'(3.2-5.4]\'','\'(3.325-5.55]\'','\'(-inf-3.775]\'','\'(3.25-5.5]\''
Chile,Stable,'\'(-inf-3.25]\'','\'(-inf-3.25]\'','\'(3.475-5.65]\'','\'(-inf-3.4]\'','\'(5.5-7.75]\'','\'(3.425-5.55]\'','\'(3.1-5.4]\'','\'(3.25-5.5]\'','\'(-inf-3.2]\'','\'(3.325-5.55]\'','\'(-inf-3.775]\'','\'(-inf-3.25]\''
Poland,Stable,'\'(-inf-3.25]\'','\'(3.25-5.5]\'','\'(3.475-5.65]\'','\'(3.4-5.6]\'','\'(-inf-3.25]\'','\'(3.425-5.55]\'','\'(3.1-5.4]\'','\'(-inf-3.25]\'','\'(-inf-3.2]\'','\'(-inf-3.325]\'','\'(-inf-3.775]\'','\'(-inf-3.25]\''
'Czech Republic',Stable,'\'(-inf-3.25]\'','\'(3.25-5.5]\'','\'(3.475-5.65]\'','\'(3.4-5.6]\'','\'(-inf-3.25]\'','\'(-inf-3.425]\'','\'(3.1-5.4]\'','\'(-inf-3.25]\'','\'(-inf-3.2]\'','\'(-inf-3.325]\'','\'(3.775-5.85]\'','\'(-inf-3.25]\''
Malta,Stable,'\'(3.25-5.5]\'','\'(-inf-3.25]\'','\'(3.475-5.65]\'','\'(3.4-5.6]\'','\'(-inf-3.25]\'','\'(3.425-5.55]\'','\'(3.1-5.4]\'','\'(-inf-3.25]\'','\'(-inf-3.2]\'','\'(-inf-3.325]\'','\'(3.775-5.85]\'','\'(3.25-5.5]\''
'South Korea',Stable,'\'(-inf-3.25]\'','\'(3.25-5.5]\'','\'(-inf-3.475]\'','\'(-inf-3.4]\'','\'(-inf-3.25]\'','\'(3.425-5.55]\'','\'(3.1-5.4]\'','\'(-inf-3.25]\'','\'(-inf-3.2]\'','\'(-inf-3.325]\'','\'(-inf-3.775]\'','\'(5.5-7.75]\''
Spain,Stable,'\'(-inf-3.25]\'','\'(5.5-7.75]\'','\'(5.65-7.825]\'','\'(3.4-5.6]\'','\'(3.25-5.5]\'','\'(-inf-3.425]\'','\'(-inf-3.1]\'','\'(-inf-3.25]\'','\'(-inf-3.2]\'','\'(-inf-3.325]\'','\'(-inf-3.775]\'','\'(-inf-3.25]\''
Japan,Stable,'\'(-inf-3.25]\'','\'(-inf-3.25]\'','\'(3.475-5.65]\'','\'(3.4-5.6]\'','\'(-inf-3.25]\'','\'(-inf-3.425]\'','\'(-inf-3.1]\'','\'(-inf-3.25]\'','\'(-inf-3.2]\'','\'(5.55-7.775]\'','\'(3.775-5.85]\'','\'(3.25-5.5]\''
Uruguay,Stable,'\'(3.25-5.5]\'','\'(-inf-3.25]\'','\'(-inf-3.475]\'','\'(3.4-5.6]\'','\'(3.25-5.5]\'','\'(3.425-5.55]\'','\'(-inf-3.1]\'','\'(-inf-3.25]\'','\'(-inf-3.2]\'','\'(3.325-5.55]\'','\'(-inf-3.775]\'','\'(-inf-3.25]\''
'United States',Stable,'\'(-inf-3.25]\'','\'(3.25-5.5]\'','\'(5.65-7.825]\'','\'(-inf-3.4]\'','\'(3.25-5.5]\'','\'(-inf-3.425]\'','\'(-inf-3.1]\'','\'(-inf-3.25]\'','\'(-inf-3.2]\'','\'(-inf-3.325]\'','\'(-inf-3.775]\'','\'(-inf-3.25]\''
France,Stable,'\'(3.25-5.5]\'','\'(-inf-3.25]\'','\'(5.65-7.825]\'','\'(3.4-5.6]\'','\'(-inf-3.25]\'','\'(-inf-3.425]\'','\'(-inf-3.1]\'','\'(-inf-3.25]\'','\'(-inf-3.2]\'','\'(-inf-3.325]\'','\'(-inf-3.775]\'','\'(-inf-3.25]\''
'United Kingdom',Stable,'\'(-inf-3.25]\'','\'(3.25-5.5]\'','\'(5.65-7.825]\'','\'(3.4-5.6]\'','\'(3.25-5.5]\'','\'(-inf-3.425]\'','\'(-inf-3.1]\'','\'(-inf-3.25]\'','\'(-inf-3.2]\'','\'(-inf-3.325]\'','\'(-inf-3.775]\'','\'(-inf-3.25]\''
Singapore,Stable,'\'(-inf-3.25]\'','\'(3.25-5.5]\'','\'(-inf-3.475]\'','\'(-inf-3.4]\'','\'(3.25-5.5]\'','\'(-inf-3.425]\'','\'(3.1-5.4]\'','\'(-inf-3.25]\'','\'(3.2-5.4]\'','\'(-inf-3.325]\'','\'(-inf-3.775]\'','\'(-inf-3.25]\''
Slovenia,Stable,'\'(-inf-3.25]\'','\'(-inf-3.25]\'','\'(3.475-5.65]\'','\'(3.4-5.6]\'','\'(3.25-5.5]\'','\'(-inf-3.425]\'','\'(-inf-3.1]\'','\'(-inf-3.25]\'','\'(-inf-3.2]\'','\'(-inf-3.325]\'','\'(3.775-5.85]\'','\'(-inf-3.25]\''
Belgium,Stable,'\'(-inf-3.25]\'','\'(3.25-5.5]\'','\'(3.475-5.65]\'','\'(3.4-5.6]\'','\'(-inf-3.25]\'','\'(-inf-3.425]\'','\'(-inf-3.1]\'','\'(-inf-3.25]\'','\'(-inf-3.2]\'','\'(-inf-3.325]\'','\'(-inf-3.775]\'','\'(-inf-3.25]\''
Portugal,Sustainable,'\'(-inf-3.25]\'','\'(-inf-3.25]\'','\'(-inf-3.475]\'','\'(3.4-5.6]\'','\'(-inf-3.25]\'','\'(-inf-3.425]\'','\'(-inf-3.1]\'','\'(-inf-3.25]\'','\'(-inf-3.2]\'','\'(-inf-3.325]\'','\'(-inf-3.775]\'','\'(-inf-3.25]\''
Germany,Sustainable,'\'(-inf-3.25]\'','\'(-inf-3.25]\'','\'(3.475-5.65]\'','\'(-inf-3.4]\'','\'(-inf-3.25]\'','\'(-inf-3.425]\'','\'(-inf-3.1]\'','\'(-inf-3.25]\'','\'(-inf-3.2]\'','\'(-inf-3.325]\'','\'(3.775-5.85]\'','\'(-inf-3.25]\''
Austria,Sustainable,'\'(-inf-3.25]\'','\'(-inf-3.25]\'','\'(3.475-5.65]\'','\'(-inf-3.4]\'','\'(-inf-3.25]\'','\'(-inf-3.425]\'','\'(-inf-3.1]\'','\'(-inf-3.25]\'','\'(-inf-3.2]\'','\'(-inf-3.325]\'','\'(3.775-5.85]\'','\'(-inf-3.25]\''
Netherlands,Sustainable,'\'(-inf-3.25]\'','\'(-inf-3.25]\'','\'(3.475-5.65]\'','\'(-inf-3.4]\'','\'(-inf-3.25]\'','\'(-inf-3.425]\'','\'(-inf-3.1]\'','\'(-inf-3.25]\'','\'(-inf-3.2]\'','\'(-inf-3.325]\'','\'(3.775-5.85]\'','\'(-inf-3.25]\''
Luxembourg,Sustainable,'\'(-inf-3.25]\'','\'(3.25-5.5]\'','\'(-inf-3.475]\'','\'(-inf-3.4]\'','\'(-inf-3.25]\'','\'(-inf-3.425]\'','\'(-inf-3.1]\'','\'(-inf-3.25]\'','\'(-inf-3.2]\'','\'(-inf-3.325]\'','\'(-inf-3.775]\'','\'(-inf-3.25]\''
Canada,Sustainable,'\'(-inf-3.25]\'','\'(-inf-3.25]\'','\'(-inf-3.475]\'','\'(-inf-3.4]\'','\'(-inf-3.25]\'','\'(-inf-3.425]\'','\'(-inf-3.1]\'','\'(-inf-3.25]\'','\'(-inf-3.2]\'','\'(-inf-3.325]\'','\'(-inf-3.775]\'','\'(-inf-3.25]\''
'New Zealand',Sustainable,'\'(-inf-3.25]\'','\'(-inf-3.25]\'','\'(3.475-5.65]\'','\'(3.4-5.6]\'','\'(-inf-3.25]\'','\'(-inf-3.425]\'','\'(-inf-3.1]\'','\'(-inf-3.25]\'','\'(-inf-3.2]\'','\'(-inf-3.325]\'','\'(-inf-3.775]\'','\'(-inf-3.25]\''
Iceland,Sustainable,'\'(-inf-3.25]\'','\'(-inf-3.25]\'','\'(-inf-3.475]\'','\'(-inf-3.4]\'','\'(-inf-3.25]\'','\'(-inf-3.425]\'','\'(-inf-3.1]\'','\'(-inf-3.25]\'','\'(-inf-3.2]\'','\'(-inf-3.325]\'','\'(-inf-3.775]\'','\'(3.25-5.5]\''
Australia,Sustainable,'\'(-inf-3.25]\'','\'(-inf-3.25]\'','\'(3.475-5.65]\'','\'(-inf-3.4]\'','\'(-inf-3.25]\'','\'(-inf-3.425]\'','\'(-inf-3.1]\'','\'(-inf-3.25]\'','\'(-inf-3.2]\'','\'(-inf-3.325]\'','\'(-inf-3.775]\'','\'(-inf-3.25]\''
Ireland,Sustainable,'\'(-inf-3.25]\'','\'(-inf-3.25]\'','\'(-inf-3.475]\'','\'(-inf-3.4]\'','\'(-inf-3.25]\'','\'(-inf-3.425]\'','\'(-inf-3.1]\'','\'(-inf-3.25]\'','\'(-inf-3.2]\'','\'(-inf-3.325]\'','\'(-inf-3.775]\'','\'(-inf-3.25]\''
Sweden,Sustainable,'\'(-inf-3.25]\'','\'(-inf-3.25]\'','\'(-inf-3.475]\'','\'(-inf-3.4]\'','\'(-inf-3.25]\'','\'(-inf-3.425]\'','\'(-inf-3.1]\'','\'(-inf-3.25]\'','\'(-inf-3.2]\'','\'(-inf-3.325]\'','\'(3.775-5.85]\'','\'(-inf-3.25]\''
Denmark,Sustainable,'\'(-inf-3.25]\'','\'(-inf-3.25]\'','\'(3.475-5.65]\'','\'(-inf-3.4]\'','\'(-inf-3.25]\'','\'(-inf-3.425]\'','\'(-inf-3.1]\'','\'(-inf-3.25]\'','\'(-inf-3.2]\'','\'(-inf-3.325]\'','\'(-inf-3.775]\'','\'(-inf-3.25]\''
Switzerland,Sustainable,'\'(-inf-3.25]\'','\'(-inf-3.25]\'','\'(3.475-5.65]\'','\'(-inf-3.4]\'','\'(-inf-3.25]\'','\'(-inf-3.425]\'','\'(-inf-3.1]\'','\'(-inf-3.25]\'','\'(-inf-3.2]\'','\'(-inf-3.325]\'','\'(-inf-3.775]\'','\'(-inf-3.25]\''
Norway,Sustainable,'\'(-inf-3.25]\'','\'(-inf-3.25]\'','\'(3.475-5.65]\'','\'(-inf-3.4]\'','\'(-inf-3.25]\'','\'(-inf-3.425]\'','\'(-inf-3.1]\'','\'(-inf-3.25]\'','\'(-inf-3.2]\'','\'(-inf-3.325]\'','\'(-inf-3.775]\'','\'(-inf-3.25]\''
Finland,Sustainable,'\'(-inf-3.25]\'','\'(-inf-3.25]\'','\'(-inf-3.475]\'','\'(3.4-5.6]\'','\'(-inf-3.25]\'','\'(-inf-3.425]\'','\'(-inf-3.1]\'','\'(-inf-3.25]\'','\'(-inf-3.2]\'','\'(-inf-3.325]\'','\'(-inf-3.775]\'','\'(-inf-3.25]\''
